"Site_Id","Parameter.ParameterCode","Parameter.ParameterDescription","Parameter.Units","Year","Value","SiteName","Longitude","Latitude","Region"
39,"CO","Carbon monoxide","ppm","2012",0.368569267260307,"ROZELLE",151.16395,-33.86433,"Sydney East"
39,"CO","Carbon monoxide","ppm","2017",0.156554200180459,"ROZELLE",151.16395,-33.86433,"Sydney East"
61,"CO","Carbon monoxide","ppm","2018",0.297841693074502,"BRADFIELD HIGHWAY",151.21109,-33.84327,"Roadside Monitoring"
107,"CO","Carbon monoxide","ppm","2013",0.353295579676953,"LIVERPOOL",150.90727,-33.93132,"Sydney South-west"
107,"CO","Carbon monoxide","ppm","2018",0.303907704793028,"LIVERPOOL",150.90727,-33.93132,"Sydney South-west"
113,"CO","Carbon monoxide","ppm","2020",0.281267430555556,"MACQUARIE PARK",151.1178,-33.76524,"Sydney East"
190,"CO","Carbon monoxide","ppm","2011",0.356009209135201,"CHULLORA",151.0461,-33.89156,"Sydney East"
190,"CO","Carbon monoxide","ppm","2016",0.274939781242358,"CHULLORA",151.0461,-33.89156,"Sydney East"
190,"CO","Carbon monoxide","ppm","2021",0.0749633743797096,"CHULLORA",151.0461,-33.89156,"Sydney East"
259,"CO","Carbon monoxide","ppm","2012",0.102433884570082,"WYONG",151.43239,-33.27891,"Central Coast"
259,"CO","Carbon monoxide","ppm","2017",0.102287840048397,"WYONG",151.43239,-33.27891,"Central Coast"
264,"CO","Carbon monoxide","ppm","2020",0.112172435582822,"MORISSET",151.55257,-33.10801,"Lake Macquarie"
300,"CO","Carbon monoxide","ppm","2012",0.082709399875467,"NEWCASTLE",151.75965,-32.9312,"Lower Hunter"
300,"CO","Carbon monoxide","ppm","2017",0.250852082448778,"NEWCASTLE",151.75965,-32.9312,"Lower Hunter"
500,"CO","Carbon monoxide","ppm","2012",0.257344267686659,"WOLLONGONG",150.88733,-34.41706,"Illawarra"
500,"CO","Carbon monoxide","ppm","2017",0.165611736173849,"WOLLONGONG",150.88733,-34.41706,"Illawarra"
803,"CO","Carbon monoxide","ppm","2021",-0.0960249117288961,"PORT MACQUARIE",152.87707,-31.44747,"Mid-North Coast"
919,"CO","Carbon monoxide","ppm","2017",-0.004666125,"PARRAMATTA NORTH",150.99777,-33.7995,"Sydney North-west"
1001,"CO","Carbon monoxide","ppm","2020",0.16868684686982,"COOK AND PHILLIP",151.21323,-33.87288,"Sydney East"
1148,"CO","Carbon monoxide","ppm","2012",0.32848845270767,"PROSPECT",150.91417,-33.79424,"Sydney North-west"
1148,"CO","Carbon monoxide","ppm","2017",0.102922010613919,"PROSPECT",150.91417,-33.79424,"Sydney North-west"
1750,"CO","Carbon monoxide","ppm","2021",0.205967140527666,"PENRITH",150.70385,-33.72687,"Sydney North-west"
2560,"CO","Carbon monoxide","ppm","2015",0.322510763083014,"CAMPBELLTOWN WEST",150.79558,-34.06666,"Sydney South-west"
2560,"CO","Carbon monoxide","ppm","2020",0.250319679753564,"CAMPBELLTOWN WEST",150.79558,-34.06666,"Sydney South-west"
2570,"CO","Carbon monoxide","ppm","2013",0.152751728968588,"CAMDEN",150.69013,-34.04168,"Sydney South-west"
2570,"CO","Carbon monoxide","ppm","2018",0.141137106777736,"CAMDEN",150.69013,-34.04168,"Sydney South-west"
33,"NO","Nitric Oxide","pphm","2011",0.699877803623836,"RANDWICK",151.24278,-33.93175,"Sydney East"
33,"NO","Nitric Oxide","pphm","2016",0.515166206100377,"RANDWICK",151.24278,-33.93175,"Sydney East"
33,"NO","Nitric Oxide","pphm","2021",0.493448086746988,"RANDWICK",151.24278,-33.93175,"Sydney East"
39,"NO","Nitric Oxide","pphm","2012",0.819911899864013,"ROZELLE",151.16395,-33.86433,"Sydney East"
39,"NO","Nitric Oxide","pphm","2017",0.684274366083445,"ROZELLE",151.16395,-33.86433,"Sydney East"
61,"NO","Nitric Oxide","pphm","2018",4.91694027687467,"BRADFIELD HIGHWAY",151.21109,-33.84327,"Roadside Monitoring"
107,"NO","Nitric Oxide","pphm","2013",1.48495258838102,"LIVERPOOL",150.90727,-33.93132,"Sydney South-west"
107,"NO","Nitric Oxide","pphm","2018",1.60976811194663,"LIVERPOOL",150.90727,-33.93132,"Sydney South-west"
113,"NO","Nitric Oxide","pphm","2021",0.208698635840297,"MACQUARIE PARK",151.1178,-33.76524,"Sydney East"
155,"NO","Nitric Oxide","pphm","2019",0.140369247508643,"ROUSE HILL",150.90366,-33.68275,"Sydney North-west"
171,"NO","Nitric Oxide","pphm","2013",0.159596060181774,"BRINGELLY",150.76192,-33.91766,"Sydney South-west"
171,"NO","Nitric Oxide","pphm","2018",0.26320515622359,"BRINGELLY",150.76192,-33.91766,"Sydney South-west"
190,"NO","Nitric Oxide","pphm","2011",1.32883636253369,"CHULLORA",151.0461,-33.89156,"Sydney East"
190,"NO","Nitric Oxide","pphm","2016",1.1583906642204,"CHULLORA",151.0461,-33.89156,"Sydney East"
190,"NO","Nitric Oxide","pphm","2021",1.2386483447262,"CHULLORA",151.0461,-33.89156,"Sydney East"
206,"NO","Nitric Oxide","pphm","2014",0.934248341425215,"EARLWOOD",151.13577,-33.91619,"Sydney East"
206,"NO","Nitric Oxide","pphm","2019",1.15070991179349,"EARLWOOD",151.13577,-33.91619,"Sydney East"
259,"NO","Nitric Oxide","pphm","2013",0.285164918364886,"WYONG",151.43239,-33.27891,"Central Coast"
259,"NO","Nitric Oxide","pphm","2018",0.192809927804878,"WYONG",151.43239,-33.27891,"Central Coast"
264,"NO","Nitric Oxide","pphm","2020",0.0801025644171779,"MORISSET",151.55257,-33.10801,"Lake Macquarie"
287,"NO","Nitric Oxide","pphm","2014",0.428866287540707,"WALLSEND",151.67021,-32.89435,"Lower Hunter"
287,"NO","Nitric Oxide","pphm","2019",0.487376889600789,"WALLSEND",151.67021,-32.89435,"Lower Hunter"
294,"NO","Nitric Oxide","pphm","2018",0.835371208136005,"CARRINGTON",151.76335,-32.90964,"Newcastle Local"
295,"NO","Nitric Oxide","pphm","2014",0.203642984760523,"STOCKTON",151.78429,-32.90201,"Newcastle Local"
295,"NO","Nitric Oxide","pphm","2019",0.766087790263986,"STOCKTON",151.78429,-32.90201,"Newcastle Local"
300,"NO","Nitric Oxide","pphm","2012",0.679580001352847,"NEWCASTLE",151.75965,-32.9312,"Lower Hunter"
300,"NO","Nitric Oxide","pphm","2017",0.580119022270637,"NEWCASTLE",151.75965,-32.9312,"Lower Hunter"
304,"NO","Nitric Oxide","pphm","2016",0.712318232807419,"MAYFIELD",151.72842,-32.88488,"Newcastle Local"
304,"NO","Nitric Oxide","pphm","2021",1.00471936940299,"MAYFIELD",151.72842,-32.88488,"Newcastle Local"
322,"NO","Nitric Oxide","pphm","2013",1.04195063232453,"BERESFIELD",151.66099,-32.79677,"Lower Hunter"
322,"NO","Nitric Oxide","pphm","2018",1.00503643252893,"BERESFIELD",151.66099,-32.79677,"Lower Hunter"
330,"NO","Nitric Oxide","pphm","2014",0.585432240718272,"SINGLETON",151.17707,-32.55734,"Upper Hunter"
330,"NO","Nitric Oxide","pphm","2019",0.649018257942788,"SINGLETON",151.17707,-32.55734,"Upper Hunter"
333,"NO","Nitric Oxide","pphm","2013",1.00419184833213,"MUSWELLBROOK",150.88563,-32.27152,"Upper Hunter"
333,"NO","Nitric Oxide","pphm","2018",1.17248761524501,"MUSWELLBROOK",150.88563,-32.27152,"Upper Hunter"
450,"NO","Nitric Oxide","pphm","2019",0.0362894244444444,"COFFS HARBOUR",153.11811,-30.29828,"Mid-North Coast"
500,"NO","Nitric Oxide","pphm","2012",0.584413442851754,"WOLLONGONG",150.88733,-34.41706,"Illawarra"
500,"NO","Nitric Oxide","pphm","2017",0.448683044171331,"WOLLONGONG",150.88733,-34.41706,"Illawarra"
526,"NO","Nitric Oxide","pphm","2013",0.256883326212194,"KEMBLA GRANGE",150.81913,-34.47408,"Illawarra"
526,"NO","Nitric Oxide","pphm","2018",0.286923241026919,"KEMBLA GRANGE",150.81913,-34.47408,"Illawarra"
573,"NO","Nitric Oxide","pphm","2014",0.126545108935129,"RICHMOND",150.74731,-33.61641,"Sydney North-west"
573,"NO","Nitric Oxide","pphm","2019",0.131192310938637,"RICHMOND",150.74731,-33.61641,"Sydney North-west"
574,"NO","Nitric Oxide","pphm","2014",0.336435079754601,"BARGO",150.58061,-34.30621,"Sydney South-west"
574,"NO","Nitric Oxide","pphm","2019",0.434567596738866,"BARGO",150.58061,-34.30621,"Sydney South-west"
760,"NO","Nitric Oxide","pphm","2011",0.311242588561776,"ST MARYS",150.76677,-33.79512,"Sydney North-west"
760,"NO","Nitric Oxide","pphm","2016",0.297482712245147,"ST MARYS",150.76677,-33.79512,"Sydney North-west"
760,"NO","Nitric Oxide","pphm","2021",0.371297666972141,"ST MARYS",150.76677,-33.79512,"Sydney North-west"
803,"NO","Nitric Oxide","pphm","2020",0.113077381969587,"PORT MACQUARIE",152.87707,-31.44747,"Mid-North Coast"
919,"NO","Nitric Oxide","pphm","2017",0.373673425818882,"PARRAMATTA NORTH",150.99777,-33.7995,"Sydney North-west"
1148,"NO","Nitric Oxide","pphm","2012",0.930703985872236,"PROSPECT",150.91417,-33.79424,"Sydney North-west"
1148,"NO","Nitric Oxide","pphm","2017",0.821698277979651,"PROSPECT",150.91417,-33.79424,"Sydney North-west"
1570,"NO","Nitric Oxide","pphm","2012",-0.04652916652465,"OAKDALE",150.49819,-34.0517,"Sydney South-west"
1570,"NO","Nitric Oxide","pphm","2017",-0.0125340584431138,"OAKDALE",150.49819,-34.0517,"Sydney South-west"
1580,"NO","Nitric Oxide","pphm","2020",0.195799454445126,"GOULBURN",149.72416,-34.73452,"Southern Tablelands"
1750,"NO","Nitric Oxide","pphm","2021",0.639882495904691,"PENRITH",150.70385,-33.72687,"Sydney North-west"
2560,"NO","Nitric Oxide","pphm","2016",1.0310118159629,"CAMPBELLTOWN WEST",150.79558,-34.06666,"Sydney South-west"
2560,"NO","Nitric Oxide","pphm","2021",1.19341439900662,"CAMPBELLTOWN WEST",150.79558,-34.06666,"Sydney South-west"
2570,"NO","Nitric Oxide","pphm","2014",0.113866771028037,"CAMDEN",150.69013,-34.04168,"Sydney South-west"
2570,"NO","Nitric Oxide","pphm","2019",0.123387278057157,"CAMDEN",150.69013,-34.04168,"Sydney South-west"
2921,"NO","Nitric Oxide","pphm","2013",0.0707540542310068,"ALBION PARK STH",150.78252,-34.57781,"Illawarra"
2921,"NO","Nitric Oxide","pphm","2018",0.121099788192771,"ALBION PARK STH",150.78252,-34.57781,"Illawarra"
33,"NO2","Nitrogen Dioxide","pphm","2010",0.708917510615426,"RANDWICK",151.24278,-33.93175,"Sydney East"
33,"NO2","Nitrogen Dioxide","pphm","2015",0.846960916748526,"RANDWICK",151.24278,-33.93175,"Sydney East"
33,"NO2","Nitrogen Dioxide","pphm","2020",0.496415930762702,"RANDWICK",151.24278,-33.93175,"Sydney East"
39,"NO2","Nitrogen Dioxide","pphm","2011",1.11344168608739,"ROZELLE",151.16395,-33.86433,"Sydney East"
39,"NO2","Nitrogen Dioxide","pphm","2016",1.06732214199029,"ROZELLE",151.16395,-33.86433,"Sydney East"
39,"NO2","Nitrogen Dioxide","pphm","2021",0.795351155099799,"ROZELLE",151.16395,-33.86433,"Sydney East"
61,"NO2","Nitrogen Dioxide","pphm","2020",2.17657325260123,"BRADFIELD HIGHWAY",151.21109,-33.84327,"Roadside Monitoring"
107,"NO2","Nitrogen Dioxide","pphm","2012",0.880693206369266,"LIVERPOOL",150.90727,-33.93132,"Sydney South-west"
107,"NO2","Nitrogen Dioxide","pphm","2017",1.22339263445783,"LIVERPOOL",150.90727,-33.93132,"Sydney South-west"
113,"NO2","Nitrogen Dioxide","pphm","2017",0.527628104248268,"MACQUARIE PARK",151.1178,-33.76524,"Sydney East"
171,"NO2","Nitrogen Dioxide","pphm","2012",0.525590903262663,"BRINGELLY",150.76192,-33.91766,"Sydney South-west"
171,"NO2","Nitrogen Dioxide","pphm","2017",0.499013571749719,"BRINGELLY",150.76192,-33.91766,"Sydney South-west"
190,"NO2","Nitrogen Dioxide","pphm","2010",1.27467962701347,"CHULLORA",151.0461,-33.89156,"Sydney East"
190,"NO2","Nitrogen Dioxide","pphm","2015",1.25634837711092,"CHULLORA",151.0461,-33.89156,"Sydney East"
190,"NO2","Nitrogen Dioxide","pphm","2020",0.947776335919505,"CHULLORA",151.0461,-33.89156,"Sydney East"
206,"NO2","Nitrogen Dioxide","pphm","2013",0.983546188409433,"EARLWOOD",151.13577,-33.91619,"Sydney East"
206,"NO2","Nitrogen Dioxide","pphm","2018",1.02813509131646,"EARLWOOD",151.13577,-33.91619,"Sydney East"
259,"NO2","Nitrogen Dioxide","pphm","2014",0.497951340438416,"WYONG",151.43239,-33.27891,"Central Coast"
259,"NO2","Nitrogen Dioxide","pphm","2019",0.382443155377519,"WYONG",151.43239,-33.27891,"Central Coast"
287,"NO2","Nitrogen Dioxide","pphm","2013",0.767680819244157,"WALLSEND",151.67021,-32.89435,"Lower Hunter"
287,"NO2","Nitrogen Dioxide","pphm","2018",0.687628514734535,"WALLSEND",151.67021,-32.89435,"Lower Hunter"
294,"NO2","Nitrogen Dioxide","pphm","2016",0.84856316404908,"CARRINGTON",151.76335,-32.90964,"Newcastle Local"
294,"NO2","Nitrogen Dioxide","pphm","2021",0.816455267545488,"CARRINGTON",151.76335,-32.90964,"Newcastle Local"
295,"NO2","Nitrogen Dioxide","pphm","2017",0.796555433072789,"STOCKTON",151.78429,-32.90201,"Newcastle Local"
300,"NO2","Nitrogen Dioxide","pphm","2011",0.733798595543807,"NEWCASTLE",151.75965,-32.9312,"Lower Hunter"
300,"NO2","Nitrogen Dioxide","pphm","2016",0.752502483725588,"NEWCASTLE",151.75965,-32.9312,"Lower Hunter"
300,"NO2","Nitrogen Dioxide","pphm","2021",0.622770266666667,"NEWCASTLE",151.75965,-32.9312,"Lower Hunter"
304,"NO2","Nitrogen Dioxide","pphm","2014",0.888933964418938,"MAYFIELD",151.72842,-32.88488,"Newcastle Local"
304,"NO2","Nitrogen Dioxide","pphm","2019",0.753875338968621,"MAYFIELD",151.72842,-32.88488,"Newcastle Local"
322,"NO2","Nitrogen Dioxide","pphm","2012",0.93938183272328,"BERESFIELD",151.66099,-32.79677,"Lower Hunter"
322,"NO2","Nitrogen Dioxide","pphm","2017",0.877277163946407,"BERESFIELD",151.66099,-32.79677,"Lower Hunter"
330,"NO2","Nitrogen Dioxide","pphm","2014",0.778098061878185,"SINGLETON",151.17707,-32.55734,"Upper Hunter"
330,"NO2","Nitrogen Dioxide","pphm","2019",0.693378609129641,"SINGLETON",151.17707,-32.55734,"Upper Hunter"
333,"NO2","Nitrogen Dioxide","pphm","2013",0.934977107991361,"MUSWELLBROOK",150.88563,-32.27152,"Upper Hunter"
333,"NO2","Nitrogen Dioxide","pphm","2018",1.04739716333938,"MUSWELLBROOK",150.88563,-32.27152,"Upper Hunter"
380,"NO2","Nitrogen Dioxide","pphm","2019",0.470302250090525,"GUNNEDAH",150.26069,-30.98178,"North-west Slopes"
500,"NO2","Nitrogen Dioxide","pphm","2011",0.826802654561448,"WOLLONGONG",150.88733,-34.41706,"Illawarra"
500,"NO2","Nitrogen Dioxide","pphm","2016",0.634931495757576,"WOLLONGONG",150.88733,-34.41706,"Illawarra"
500,"NO2","Nitrogen Dioxide","pphm","2021",0.507788076709797,"WOLLONGONG",150.88733,-34.41706,"Illawarra"
526,"NO2","Nitrogen Dioxide","pphm","2012",0.502393889572773,"KEMBLA GRANGE",150.81913,-34.47408,"Illawarra"
526,"NO2","Nitrogen Dioxide","pphm","2017",0.449535760964912,"KEMBLA GRANGE",150.81913,-34.47408,"Illawarra"
573,"NO2","Nitrogen Dioxide","pphm","2013",0.478520592025676,"RICHMOND",150.74731,-33.61641,"Sydney North-west"
573,"NO2","Nitrogen Dioxide","pphm","2018",0.513613486045937,"RICHMOND",150.74731,-33.61641,"Sydney North-west"
574,"NO2","Nitrogen Dioxide","pphm","2013",0.546746591040462,"BARGO",150.58061,-34.30621,"Sydney South-west"
574,"NO2","Nitrogen Dioxide","pphm","2018",0.576121050290839,"BARGO",150.58061,-34.30621,"Sydney South-west"
760,"NO2","Nitrogen Dioxide","pphm","2010",0.614892360507689,"ST MARYS",150.76677,-33.79512,"Sydney North-west"
760,"NO2","Nitrogen Dioxide","pphm","2015",0.404746227647598,"ST MARYS",150.76677,-33.79512,"Sydney North-west"
760,"NO2","Nitrogen Dioxide","pphm","2020",0.386348422426293,"ST MARYS",150.76677,-33.79512,"Sydney North-west"
919,"NO2","Nitrogen Dioxide","pphm","2012",1.1455417348166,"PARRAMATTA NORTH",150.99777,-33.7995,"Sydney North-west"
919,"NO2","Nitrogen Dioxide","pphm","2021",0.811510424931256,"PARRAMATTA NORTH",150.99777,-33.7995,"Sydney North-west"
1001,"NO2","Nitrogen Dioxide","pphm","2020",1.28086878756945,"COOK AND PHILLIP",151.21323,-33.87288,"Sydney East"
1141,"NO2","Nitrogen Dioxide","pphm","2021",0.968177449171271,"LIDCOMBE",151.04676,-33.88143,"Sydney East"
1148,"NO2","Nitrogen Dioxide","pphm","2011",1.03526574710425,"PROSPECT",150.91417,-33.79424,"Sydney North-west"
1148,"NO2","Nitrogen Dioxide","pphm","2016",0.978994485093543,"PROSPECT",150.91417,-33.79424,"Sydney North-west"
1148,"NO2","Nitrogen Dioxide","pphm","2021",0.78187894591528,"PROSPECT",150.91417,-33.79424,"Sydney North-west"
1570,"NO2","Nitrogen Dioxide","pphm","2011",0.17928929579507,"OAKDALE",150.49819,-34.0517,"Sydney South-west"
1570,"NO2","Nitrogen Dioxide","pphm","2016",0.154592621029303,"OAKDALE",150.49819,-34.0517,"Sydney South-west"
1570,"NO2","Nitrogen Dioxide","pphm","2021",0.0947754107208872,"OAKDALE",150.49819,-34.0517,"Sydney South-west"
1750,"NO2","Nitrogen Dioxide","pphm","2020",0.488964380360624,"PENRITH",150.70385,-33.72687,"Sydney North-west"
2560,"NO2","Nitrogen Dioxide","pphm","2012",1.06287556279382,"CAMPBELLTOWN WEST",150.79558,-34.06666,"Sydney South-west"
2560,"NO2","Nitrogen Dioxide","pphm","2017",1.0546495158139,"CAMPBELLTOWN WEST",150.79558,-34.06666,"Sydney South-west"
2570,"NO2","Nitrogen Dioxide","pphm","2015",0.411920815043157,"CAMDEN",150.69013,-34.04168,"Sydney South-west"
2570,"NO2","Nitrogen Dioxide","pphm","2020",0.402347372893684,"CAMDEN",150.69013,-34.04168,"Sydney South-west"
2921,"NO2","Nitrogen Dioxide","pphm","2012",0.370735561384961,"ALBION PARK STH",150.78252,-34.57781,"Illawarra"
2921,"NO2","Nitrogen Dioxide","pphm","2017",0.361967454634745,"ALBION PARK STH",150.78252,-34.57781,"Illawarra"
33,"OZONE","Ozone","pphm","2014",1.93284189796165,"RANDWICK",151.24278,-33.93175,"Sydney East"
33,"OZONE","Ozone","pphm","2019",2.03452821722303,"RANDWICK",151.24278,-33.93175,"Sydney East"
39,"OZONE","Ozone","pphm","2010",1.70809109215586,"ROZELLE",151.16395,-33.86433,"Sydney East"
39,"OZONE","Ozone","pphm","2015",1.56150955322026,"ROZELLE",151.16395,-33.86433,"Sydney East"
39,"OZONE","Ozone","pphm","2020",1.85540317002882,"ROZELLE",151.16395,-33.86433,"Sydney East"
107,"OZONE","Ozone","pphm","2011",1.31829942890075,"LIVERPOOL",150.90727,-33.93132,"Sydney South-west"
107,"OZONE","Ozone","pphm","2016",1.5350807094132,"LIVERPOOL",150.90727,-33.93132,"Sydney South-west"
107,"OZONE","Ozone","pphm","2021",1.31951768595041,"LIVERPOOL",150.90727,-33.93132,"Sydney South-west"
113,"OZONE","Ozone","pphm","2018",1.93562276291793,"MACQUARIE PARK",151.1178,-33.76524,"Sydney East"
155,"OZONE","Ozone","pphm","2020",2.0133385040885,"ROUSE HILL",150.90366,-33.68275,"Sydney North-west"
171,"OZONE","Ozone","pphm","2011",1.75506229303226,"BRINGELLY",150.76192,-33.91766,"Sydney South-west"
171,"OZONE","Ozone","pphm","2016",1.70583416175179,"BRINGELLY",150.76192,-33.91766,"Sydney South-west"
171,"OZONE","Ozone","pphm","2021",1.55119158570119,"BRINGELLY",150.76192,-33.91766,"Sydney South-west"
190,"OZONE","Ozone","pphm","2014",1.46127398313253,"CHULLORA",151.0461,-33.89156,"Sydney East"
190,"OZONE","Ozone","pphm","2019",1.64296214790843,"CHULLORA",151.0461,-33.89156,"Sydney East"
206,"OZONE","Ozone","pphm","2012",1.53996557242373,"EARLWOOD",151.13577,-33.91619,"Sydney East"
206,"OZONE","Ozone","pphm","2017",1.63009996205414,"EARLWOOD",151.13577,-33.91619,"Sydney East"
259,"OZONE","Ozone","pphm","2015",1.70975648504406,"WYONG",151.43239,-33.27891,"Central Coast"
259,"OZONE","Ozone","pphm","2020",1.8464795804535,"WYONG",151.43239,-33.27891,"Central Coast"
287,"OZONE","Ozone","pphm","2012",1.67168076646635,"WALLSEND",151.67021,-32.89435,"Lower Hunter"
287,"OZONE","Ozone","pphm","2017",1.82029853259562,"WALLSEND",151.67021,-32.89435,"Lower Hunter"
300,"OZONE","Ozone","pphm","2010",1.9673141231262,"NEWCASTLE",151.75965,-32.9312,"Lower Hunter"
300,"OZONE","Ozone","pphm","2015",1.78012985124469,"NEWCASTLE",151.75965,-32.9312,"Lower Hunter"
300,"OZONE","Ozone","pphm","2020",1.90539984789486,"NEWCASTLE",151.75965,-32.9312,"Lower Hunter"
322,"OZONE","Ozone","pphm","2011",1.49708438785982,"BERESFIELD",151.66099,-32.79677,"Lower Hunter"
322,"OZONE","Ozone","pphm","2016",1.58164209015606,"BERESFIELD",151.66099,-32.79677,"Lower Hunter"
322,"OZONE","Ozone","pphm","2021",1.28433500937559,"BERESFIELD",151.66099,-32.79677,"Lower Hunter"
380,"OZONE","Ozone","pphm","2021",1.84030482895462,"GUNNEDAH",150.26069,-30.98178,"North-west Slopes"
450,"OZONE","Ozone","pphm","2020",2.17934066788367,"COFFS HARBOUR",153.11811,-30.29828,"Mid-North Coast"
500,"OZONE","Ozone","pphm","2010",1.84332029116915,"WOLLONGONG",150.88733,-34.41706,"Illawarra"
500,"OZONE","Ozone","pphm","2015",1.79670094555529,"WOLLONGONG",150.88733,-34.41706,"Illawarra"
500,"OZONE","Ozone","pphm","2020",1.93938103638368,"WOLLONGONG",150.88733,-34.41706,"Illawarra"
526,"OZONE","Ozone","pphm","2011",2.00106108245678,"KEMBLA GRANGE",150.81913,-34.47408,"Illawarra"
526,"OZONE","Ozone","pphm","2016",1.89217716848425,"KEMBLA GRANGE",150.81913,-34.47408,"Illawarra"
526,"OZONE","Ozone","pphm","2021",1.70121347674205,"KEMBLA GRANGE",150.81913,-34.47408,"Illawarra"
573,"OZONE","Ozone","pphm","2012",1.70234505036148,"RICHMOND",150.74731,-33.61641,"Sydney North-west"
573,"OZONE","Ozone","pphm","2017",1.91748555412213,"RICHMOND",150.74731,-33.61641,"Sydney North-west"
574,"OZONE","Ozone","pphm","2012",1.8647226141923,"BARGO",150.58061,-34.30621,"Sydney South-west"
574,"OZONE","Ozone","pphm","2017",2.10936196114147,"BARGO",150.58061,-34.30621,"Sydney South-west"
640,"OZONE","Ozone","pphm","2020",2.33340458033363,"ALBURY",146.93986,-36.05182,"South-west Slopes"
760,"OZONE","Ozone","pphm","2014",1.83800378597384,"ST MARYS",150.76677,-33.79512,"Sydney North-west"
760,"OZONE","Ozone","pphm","2019",1.96639727025393,"ST MARYS",150.76677,-33.79512,"Sydney North-west"
803,"OZONE","Ozone","pphm","2019",2.00207547502449,"PORT MACQUARIE",152.87707,-31.44747,"Mid-North Coast"
919,"OZONE","Ozone","pphm","2011",1.66798594982079,"PARRAMATTA NORTH",150.99777,-33.7995,"Sydney North-west"
919,"OZONE","Ozone","pphm","2020",1.78476904348347,"PARRAMATTA NORTH",150.99777,-33.7995,"Sydney North-west"
1141,"OZONE","Ozone","pphm","2020",1.63643828509546,"LIDCOMBE",151.04676,-33.88143,"Sydney East"
1148,"OZONE","Ozone","pphm","2010",1.52999113741637,"PROSPECT",150.91417,-33.79424,"Sydney North-west"
1148,"OZONE","Ozone","pphm","2015",1.63629418604651,"PROSPECT",150.91417,-33.79424,"Sydney North-west"
1148,"OZONE","Ozone","pphm","2020",1.90296837016575,"PROSPECT",150.91417,-33.79424,"Sydney North-west"
1570,"OZONE","Ozone","pphm","2010",2.66365554261123,"OAKDALE",150.49819,-34.0517,"Sydney South-west"
1570,"OZONE","Ozone","pphm","2015",2.39705062627986,"OAKDALE",150.49819,-34.0517,"Sydney South-west"
1570,"OZONE","Ozone","pphm","2020",2.64480711372361,"OAKDALE",150.49819,-34.0517,"Sydney South-west"
1580,"OZONE","Ozone","pphm","2021",1.83059032228361,"GOULBURN",149.72416,-34.73452,"Southern Tablelands"
2560,"OZONE","Ozone","pphm","2013",1.49101838694384,"CAMPBELLTOWN WEST",150.79558,-34.06666,"Sydney South-west"
2560,"OZONE","Ozone","pphm","2018",1.73048658462288,"CAMPBELLTOWN WEST",150.79558,-34.06666,"Sydney South-west"
2570,"OZONE","Ozone","pphm","2016",1.89228142035509,"CAMDEN",150.69013,-34.04168,"Sydney South-west"
2570,"OZONE","Ozone","pphm","2021",1.60367097601172,"CAMDEN",150.69013,-34.04168,"Sydney South-west"
2921,"OZONE","Ozone","pphm","2011",1.8270631553856,"ALBION PARK STH",150.78252,-34.57781,"Illawarra"
2921,"OZONE","Ozone","pphm","2016",2.00561149933791,"ALBION PARK STH",150.78252,-34.57781,"Illawarra"
2921,"OZONE","Ozone","pphm","2021",1.75399319984889,"ALBION PARK STH",150.78252,-34.57781,"Illawarra"
33,"PM10","PM10","µg/m³","2013",18.8131775862069,"RANDWICK",151.24278,-33.93175,"Sydney East"
33,"PM10","PM10","µg/m³","2018",21.2052345993516,"RANDWICK",151.24278,-33.93175,"Sydney East"
39,"PM10","PM10","µg/m³","2014",17.8312323729211,"ROZELLE",151.16395,-33.86433,"Sydney East"
39,"PM10","PM10","µg/m³","2019",22.6592253901208,"ROZELLE",151.16395,-33.86433,"Sydney East"
61,"PM10","PM10","µg/m³","2019",23.9985292010032,"BRADFIELD HIGHWAY",151.21109,-33.84327,"Roadside Monitoring"
107,"PM10","PM10","µg/m³","2010",17.036281937799,"LIVERPOOL",150.90727,-33.93132,"Sydney South-west"
107,"PM10","PM10","µg/m³","2015",18.4412832438879,"LIVERPOOL",150.90727,-33.93132,"Sydney South-west"
107,"PM10","PM10","µg/m³","2020",20.8642200282087,"LIVERPOOL",150.90727,-33.93132,"Sydney South-west"
113,"PM10","PM10","µg/m³","2019",19.9103014953054,"MACQUARIE PARK",151.1178,-33.76524,"Sydney East"
171,"PM10","PM10","µg/m³","2010",15.4306503627428,"BRINGELLY",150.76192,-33.91766,"Sydney South-west"
171,"PM10","PM10","µg/m³","2015",15.7697438207438,"BRINGELLY",150.76192,-33.91766,"Sydney South-west"
171,"PM10","PM10","µg/m³","2020",19.8878756051049,"BRINGELLY",150.76192,-33.91766,"Sydney South-west"
190,"PM10","PM10","µg/m³","2013",18.3043747989892,"CHULLORA",151.0461,-33.89156,"Sydney East"
190,"PM10","PM10","µg/m³","2018",21.8124670777106,"CHULLORA",151.0461,-33.89156,"Sydney East"
206,"PM10","PM10","µg/m³","2011",18.0599878401156,"EARLWOOD",151.13577,-33.91619,"Sydney East"
206,"PM10","PM10","µg/m³","2016",17.5123084177436,"EARLWOOD",151.13577,-33.91619,"Sydney East"
206,"PM10","PM10","µg/m³","2021",15.8977588601959,"EARLWOOD",151.13577,-33.91619,"Sydney East"
259,"PM10","PM10","µg/m³","2016",15.1707328103369,"WYONG",151.43239,-33.27891,"Central Coast"
259,"PM10","PM10","µg/m³","2021",13.2625757416184,"WYONG",151.43239,-33.27891,"Central Coast"
287,"PM10","PM10","µg/m³","2011",14.2302930955121,"WALLSEND",151.67021,-32.89435,"Lower Hunter"
287,"PM10","PM10","µg/m³","2016",16.6353400301939,"WALLSEND",151.67021,-32.89435,"Lower Hunter"
287,"PM10","PM10","µg/m³","2021",14.5324903373155,"WALLSEND",151.67021,-32.89435,"Lower Hunter"
294,"PM10","PM10","µg/m³","2015",22.8079243512512,"CARRINGTON",151.76335,-32.90964,"Newcastle Local"
294,"PM10","PM10","µg/m³","2020",24.2051346356299,"CARRINGTON",151.76335,-32.90964,"Newcastle Local"
295,"PM10","PM10","µg/m³","2016",35.0990678600679,"STOCKTON",151.78429,-32.90201,"Newcastle Local"
295,"PM10","PM10","µg/m³","2021",29.1398424476877,"STOCKTON",151.78429,-32.90201,"Newcastle Local"
300,"PM10","PM10","µg/m³","2014",21.4120071809127,"NEWCASTLE",151.75965,-32.9312,"Lower Hunter"
300,"PM10","PM10","µg/m³","2019",28.4745389857918,"NEWCASTLE",151.75965,-32.9312,"Lower Hunter"
304,"PM10","PM10","µg/m³","2018",26.9156853284082,"MAYFIELD",151.72842,-32.88488,"Newcastle Local"
322,"PM10","PM10","µg/m³","2010",16.6230013129625,"BERESFIELD",151.66099,-32.79677,"Lower Hunter"
322,"PM10","PM10","µg/m³","2015",18.7194141531323,"BERESFIELD",151.66099,-32.79677,"Lower Hunter"
322,"PM10","PM10","µg/m³","2020",18.4866766563325,"BERESFIELD",151.66099,-32.79677,"Lower Hunter"
329,"PM10","PM10","µg/m³","2013",14.9162440097233,"MERRIWA",150.45824,-32.12665,"Upper Hunter"
329,"PM10","PM10","µg/m³","2018",19.1727994698629,"MERRIWA",150.45824,-32.12665,"Upper Hunter"
330,"PM10","PM10","µg/m³","2014",21.1334829460053,"SINGLETON",151.17707,-32.55734,"Upper Hunter"
330,"PM10","PM10","µg/m³","2019",30.1679174818736,"SINGLETON",151.17707,-32.55734,"Upper Hunter"
333,"PM10","PM10","µg/m³","2013",22.6483553794925,"MUSWELLBROOK",150.88563,-32.27152,"Upper Hunter"
333,"PM10","PM10","µg/m³","2018",27.2329125391486,"MUSWELLBROOK",150.88563,-32.27152,"Upper Hunter"
336,"PM10","PM10","µg/m³","2011",16.6368866995074,"ABERDEEN",150.88415,-32.17718,"Upper Hunter"
336,"PM10","PM10","µg/m³","2016",15.634262295082,"ABERDEEN",150.88415,-32.17718,"Upper Hunter"
336,"PM10","PM10","µg/m³","2021",12.4550733286664,"ABERDEEN",150.88415,-32.17718,"Upper Hunter"
340,"PM10","PM10","µg/m³","2011",13.0670911733923,"TAMWORTH",150.91451,-31.1099,"North-west Slopes"
340,"PM10","PM10","µg/m³","2016",15.3194661016949,"TAMWORTH",150.91451,-31.1099,"North-west Slopes"
340,"PM10","PM10","µg/m³","2021",12.7794358661555,"TAMWORTH",150.91451,-31.1099,"North-west Slopes"
380,"PM10","PM10","µg/m³","2017",13.7703720136519,"GUNNEDAH",150.26069,-30.98178,"North-west Slopes"
390,"PM10","PM10","µg/m³","2019",23.2139550378567,"NARRABRI",149.82932,-30.31842,"North-west Slopes"
500,"PM10","PM10","µg/m³","2014",17.6827768319337,"WOLLONGONG",150.88733,-34.41706,"Illawarra"
500,"PM10","PM10","µg/m³","2019",22.4678013295832,"WOLLONGONG",150.88733,-34.41706,"Illawarra"
526,"PM10","PM10","µg/m³","2010",17.7662351987024,"KEMBLA GRANGE",150.81913,-34.47408,"Illawarra"
526,"PM10","PM10","µg/m³","2015",17.7407043879908,"KEMBLA GRANGE",150.81913,-34.47408,"Illawarra"
526,"PM10","PM10","µg/m³","2020",21.506548232824,"KEMBLA GRANGE",150.81913,-34.47408,"Illawarra"
573,"PM10","PM10","µg/m³","2011",13.1868730970366,"RICHMOND",150.74731,-33.61641,"Sydney North-west"
573,"PM10","PM10","µg/m³","2016",15.9198320253016,"RICHMOND",150.74731,-33.61641,"Sydney North-west"
573,"PM10","PM10","µg/m³","2021",13.8560506920726,"RICHMOND",150.74731,-33.61641,"Sydney North-west"
574,"PM10","PM10","µg/m³","2011",12.899733141542,"BARGO",150.58061,-34.30621,"Sydney South-west"
574,"PM10","PM10","µg/m³","2016",14.2073348084313,"BARGO",150.58061,-34.30621,"Sydney South-west"
574,"PM10","PM10","µg/m³","2021",11.9639802503968,"BARGO",150.58061,-34.30621,"Sydney South-west"
640,"PM10","PM10","µg/m³","2014",15.9008113337941,"ALBURY",146.93986,-36.05182,"South-west Slopes"
640,"PM10","PM10","µg/m³","2019",23.4435288796103,"ALBURY",146.93986,-36.05182,"South-west Slopes"
760,"PM10","PM10","µg/m³","2013",16.0409881371858,"ST MARYS",150.76677,-33.79512,"Sydney North-west"
760,"PM10","PM10","µg/m³","2018",19.3232913770152,"ST MARYS",150.76677,-33.79512,"Sydney North-west"
795,"PM10","PM10","µg/m³","2013",15.1137947513179,"BATHURST",149.57456,-33.40178,"Central Tablelands"
795,"PM10","PM10","µg/m³","2018",18.813506793636,"BATHURST",149.57456,-33.40178,"Central Tablelands"
803,"PM10","PM10","µg/m³","2021",10.3968132647633,"PORT MACQUARIE",152.87707,-31.44747,"Mid-North Coast"
919,"PM10","PM10","µg/m³","2019",25.4875893514259,"PARRAMATTA NORTH",150.99777,-33.7995,"Sydney North-west"
1001,"PM10","PM10","µg/m³","2021",13.4965376483279,"COOK AND PHILLIP",151.21323,-33.87288,"Sydney East"
1148,"PM10","PM10","µg/m³","2014",17.5690802268066,"PROSPECT",150.91417,-33.79424,"Sydney North-west"
1148,"PM10","PM10","µg/m³","2019",25.8859111955771,"PROSPECT",150.91417,-33.79424,"Sydney North-west"
1330,"PM10","PM10","µg/m³","2012",25.8581736182925,"SINGLETON NW",151.15006,-32.52981,"Upper Hunter"
1330,"PM10","PM10","µg/m³","2017",22.7382144334636,"SINGLETON NW",151.15006,-32.52981,"Upper Hunter"
1333,"PM10","PM10","µg/m³","2011",17.00302200489,"MUSWELLBROOK NW",150.88119,-32.25317,"Upper Hunter"
1333,"PM10","PM10","µg/m³","2016",16.5740358657041,"MUSWELLBROOK NW",150.88119,-32.25317,"Upper Hunter"
1333,"PM10","PM10","µg/m³","2021",15.2994789519651,"MUSWELLBROOK NW",150.88119,-32.25317,"Upper Hunter"
1350,"PM10","PM10","µg/m³","2020",13.6509914805434,"ARMIDALE",151.66173,-30.50851,"Northern Tablelands"
1570,"PM10","PM10","µg/m³","2014",13.0140710489834,"OAKDALE",150.49819,-34.0517,"Sydney South-west"
1570,"PM10","PM10","µg/m³","2019",22.8243474178404,"OAKDALE",150.49819,-34.0517,"Sydney South-west"
1580,"PM10","PM10","µg/m³","2019",81.9769784780938,"GOULBURN",149.72416,-34.73452,"Southern Tablelands"
1650,"PM10","PM10","µg/m³","2012",18.7927933855727,"WAGGA WAGGA NTH",147.36037,-35.10411,"South-west Slopes"
1650,"PM10","PM10","µg/m³","2017",20.6769119897959,"WAGGA WAGGA NTH",147.36037,-35.10411,"South-west Slopes"
1800,"PM10","PM10","µg/m³","2021",12.0993172221253,"ORANGE",149.09447,-33.27429,"Central Tablelands"
2330,"PM10","PM10","µg/m³","2015",21.9699255183598,"CAMBERWELL",151.09188,-32.47231,"Upper Hunter"
2330,"PM10","PM10","µg/m³","2020",24.2739086009174,"CAMBERWELL",151.09188,-32.47231,"Upper Hunter"
2333,"PM10","PM10","µg/m³","2013",15.4160177358056,"WYBONG",150.67342,-32.19505,"Upper Hunter"
2333,"PM10","PM10","µg/m³","2018",21.5939831506059,"WYBONG",150.67342,-32.19505,"Upper Hunter"
2560,"PM10","PM10","µg/m³","2014",16.9397846172901,"CAMPBELLTOWN WEST",150.79558,-34.06666,"Sydney South-west"
2560,"PM10","PM10","µg/m³","2019",22.3633723465955,"CAMPBELLTOWN WEST",150.79558,-34.06666,"Sydney South-west"
2570,"PM10","PM10","µg/m³","2012",19.9957751168224,"CAMDEN",150.69013,-34.04168,"Sydney South-west"
2570,"PM10","PM10","µg/m³","2017",14.7239661449275,"CAMDEN",150.69013,-34.04168,"Sydney South-west"
2921,"PM10","PM10","µg/m³","2010",14.0248488153882,"ALBION PARK STH",150.78252,-34.57781,"Illawarra"
2921,"PM10","PM10","µg/m³","2015",14.0048430439952,"ALBION PARK STH",150.78252,-34.57781,"Illawarra"
2921,"PM10","PM10","µg/m³","2020",17.0657048687406,"ALBION PARK STH",150.78252,-34.57781,"Illawarra"
3330,"PM10","PM10","µg/m³","2011",22.1497742426549,"MAISON DIEU",151.06183,-32.52468,"Upper Hunter"
3330,"PM10","PM10","µg/m³","2016",20.3713069005848,"MAISON DIEU",151.06183,-32.52468,"Upper Hunter"
3330,"PM10","PM10","µg/m³","2021",17.0754415376401,"MAISON DIEU",151.06183,-32.52468,"Upper Hunter"
4330,"PM10","PM10","µg/m³","2015",14.9778625592417,"BULGA",151.03598,-32.64864,"Upper Hunter"
4330,"PM10","PM10","µg/m³","2020",18.1245571346705,"BULGA",151.03598,-32.64864,"Upper Hunter"
5330,"PM10","PM10","µg/m³","2014",21.5071673775216,"MOUNT THORLEY",151.128,-32.63589,"Upper Hunter"
5330,"PM10","PM10","µg/m³","2019",36.5366740037071,"MOUNT THORLEY",151.128,-32.63589,"Upper Hunter"
6330,"PM10","PM10","µg/m³","2013",20.2324537303138,"SINGLETON SOUTH",151.20895,-32.5871,"Upper Hunter"
6330,"PM10","PM10","µg/m³","2018",23.0117545045045,"SINGLETON SOUTH",151.20895,-32.5871,"Upper Hunter"
7330,"PM10","PM10","µg/m³","2012",10.8438470695971,"JERRYS PLAINS",150.86416,-32.46622,"Upper Hunter"
7330,"PM10","PM10","µg/m³","2017",18.023480087477,"JERRYS PLAINS",150.86416,-32.46622,"Upper Hunter"
8330,"PM10","PM10","µg/m³","2015",18.1945855482683,"WARKWORTH",151.02721,-32.57398,"Upper Hunter"
8330,"PM10","PM10","µg/m³","2020",23.7176939928514,"WARKWORTH",151.02721,-32.57398,"Upper Hunter"
